candidate;score;scoring_date;province
testCandidate1;7;2020/11/01;GP
testCandidate2;9;2020/10/02;LP
testCandidate3;10;2021/11/03;NW
testCandidate4;7;2020/10/04;WC
testCandidate5;7;2021/09/05;MP
testCandidate6;1;2020/07/06;KZN
testCandidate7;7;2020/12/07;NC
testCandidate8;10;2021/03/08;EC
testCandidate9;5;2020/05/09;FS
testCandidate10;10;2020/04/10;GP
testCandidate11;9;2021/02/11;LP
testCandidate12;9;2020/08/12;NW
testCandidate13;1;2020/01/13;WC
testCandidate14;9;2020/09/14;MP
testCandidate15;5;2020/12/15;KZN
testCandidate16;2;2020/12/16;NC
testCandidate17;8;2020/10/17;EC
testCandidate18;1;2020/02/18;FS
testCandidate19;4;2020/08/19;GP
testCandidate20;3;2020/03/20;LP
testCandidate21;7;2020/09/21;NW
testCandidate22;1;2020/12/22;WC
testCandidate23;9;2020/03/23;MP
testCandidate24;6;2020/12/24;KZN
testCandidate25;5;2020/04/25;NC
testCandidate26;6;2020/05/26;EC
testCandidate27;9;2020/04/27;FS
testCandidate28;7;2020/06/28;GP
testCandidate29;7;2020/06/29;LP
testCandidate30;6;2020/06/30;NW
testCandidate31;9;2020/07/12;WC
testCandidate32;4;2021/08/01;MP
testCandidate33;2;2021/01/02;KZN
testCandidate34;4;2021/05/03;NC
testCandidate35;5;2021/01/04;EC
testCandidate36;5;2021/03/05;FS
testCandidate37;1;2021/02/06;GP
testCandidate38;9;2021/05/07;LP
testCandidate39;5;2021/03/08;NW
testCandidate40;8;2020/02/09;WC
testCandidate41;6;2021/11/10;MP
testCandidate42;10;2021/08/11;KZN
testCandidate43;8;2021/07/12;NC
testCandidate44;1;2021/06/13;EC
testCandidate45;7;2021/10/14;FS
testCandidate46;8;2021/01/15;GP
testCandidate47;9;2021/08/16;LP
testCandidate48;5;2021/04/17;NW
testCandidate49;9;2021/02/18;WC
testCandidate50;8;2021/11/19;MP
testCandidate51;2;2020/01/01;KZN
testCandidate52;8;2020/01/02;NC
testCandidate53;8;2021/12/03;EC
testCandidate54;3;2020/02/04;FS
testCandidate55;10;2021/09/05;GP
testCandidate56;7;2020/07/06;LP
testCandidate57;10;2020/09/07;NW
testCandidate58;1;2021/07/08;WC
testCandidate59;3;2020/05/09;MP
testCandidate60;1;2020/04/10;KZN
testCandidate61;5;2021/10/11;NC
testCandidate62;6;2020/11/12;EC
testCandidate63;2;2020/01/13;FS
testCandidate64;2;2020/10/14;GP
testCandidate65;7;2020/11/15;LP
testCandidate66;4;2020/12/16;NW
testCandidate67;6;2020/11/17;WC
testCandidate68;10;2020/08/18;MP
testCandidate69;2;2020/02/19;KZN
testCandidate70;2;2020/03/20;NC
testCandidate71;10;2020/12/21;EC
testCandidate72;10;2020/12/22;FS
testCandidate73;3;2020/03/23;GP
testCandidate74;10;2020/11/24;LP
testCandidate75;3;2020/04/25;NW
testCandidate76;1;2020/05/26;WC
testCandidate77;8;2020/04/27;MP
testCandidate78;9;2020/06/28;KZN
testCandidate79;6;2020/06/29;NC
testCandidate80;8;2020/06/30;EC
testCandidate81;7;2020/07/12;FS
testCandidate82;2;2021/08/01;GP
testCandidate83;6;2021/12/02;LP
testCandidate84;7;2021/05/03;NW
testCandidate85;2;2021/01/04;WC
testCandidate86;6;2021/03/05;MP
testCandidate87;1;2021/09/06;KZN
testCandidate88;9;2021/05/07;NC
testCandidate89;1;2021/03/08;EC
testCandidate90;8;2020/02/09;FS
testCandidate91;2;2021/05/10;GP
testCandidate92;6;2021/02/11;LP
testCandidate93;7;2021/06/12;NW
testCandidate94;9;2021/04/13;WC
testCandidate95;4;2021/08/14;MP
testCandidate96;3;2021/01/15;KZN
testCandidate97;1;2021/10/16;NC
testCandidate98;5;2021/04/17;EC
testCandidate99;6;2021/02/18;FS
testCandidate100;6;2021/12/19;GP